{"val_loss": [0.009690993924900398], "loss": [0.00687733218992881]}